{"_id":{"$oid":"58f9b6d241a7de1d9888b1a8"},"unitName":"Air Force","__v":0}
{"_id":{"$oid":"58fa735906b5f122e8b93652"},"unitName":"U.S. Marines","__v":0}
{"_id":{"$oid":"592532fd7c5a1f32149ec8c5"},"unitName":"Military 1","__v":0}
{"_id":{"$oid":"592534bd6230db328930fce0"},"unitName":"Military 2","__v":0}
{"_id":{"$oid":"592534ef6230db328930fced"},"unitName":"Military 3","__v":0}
{"_id":{"$oid":"592535b38d8c1432b5e0640a"},"unitName":"Military 4","__v":0}
{"_id":{"$oid":"592535b38d8c1432b5e0640b"},"unitName":"Police 4","__v":0}
{"_id":{"$oid":"59253734b2096332de959001"},"unitName":"Military 5","__v":0}
