{"_id":{"$oid":"58f9a7421e129a1cf277e370"},"skillName":"Customer Service","description":"Able to convey confidence and comfort with customers","__v":0}
{"_id":{"$oid":"58f9a7911e129a1cf277e375"},"skillName":"Verbal Judo","description":"Ability to defuse violent situation through talk","__v":0}
{"_id":{"$oid":"590a31158b3ea8139222a1dc"},"skillName":"Deterrence Through Appearance","description":"Officer has a commanding appearance that allows them to deter without need of verbal communication","__v":0}
